"file_name","name","company","date_of_birth","job","social_security_number"
"image_0.bmp","Amanda Huff","Apple","1988-08-10","Human Resources","698-80-9232"
"image_1.bmp","test","test","2021-12-27","test","test"
"image_10.bmp","Benjamin Gonzales","Google","1999-10-08","Scrum Master","397-26-6887"
"image_100.bmp","Ronald Johnson","Google","2021-12-27","Software","538-18-5577"
"image_101.bmp","Emily Scott","Apple","1971-06-28","Software Engineer","561-58-8710"
"image_102.bmp","Andrew Evans","IBM","1995-08-14","Team Lead","891-198-0248"
"image_103.bmp","James Cervantes","IBM","1977-09-16","Team Lead","711-05-8747"
"image_104.bmp","Sarah Collins","Google","1939-02-02","Team Lead","465-16-8787"
"image_105.bmp","vec","IBM","2021-12-27","Dec 19°"" \ q",""
"image_106.bmp","Catherine Williams","IBM","1976-07-10","Scrum Master","189-683-2048"
"image_107.bmp","Benjamin Nelson","IBM","1965-02-28","Manager","882-93-5121"
"image_108.bmp","test","test","2021-12-27","test","test"
"image_109.bmp","stacey mcminan","Apple","1944-05-12","— es","670-12-1224"
"image_11.bmp","Mr. Andrew May","Google","2021-12-27","Human Resour:","34-78-4718"
"image_110.bmp","William Jensen","Google","1991-04-18","Team Lead","864-89-0759"
"image_111.bmp","Andrew Sullivan","Google","2021-12-27","ie oo. oe","736-290-8290"
"image_112.bmp","Robert Rivera","Apple","2007-09-19","Software Engineer","886-61-6384"
"image_113.bmp","test","test","2021-12-27","test","test"
"image_114.bmp","Jessica Thomas","IBM","1985-10-01","Scrum Master","178-61-1047"
"image_115.bmp","Batley Thomas","IBM","1949-06-23","Manager","620 40 7857"
"image_116.bmp","Barbara Olson","Apple","1969-11-17","Manager","428-42-8611"
"image_117.bmp","-. “a","Apple","2021-12-27","allison Hayne’ Gl","vy AS"
"image_118.bmp","Adam Thornton","Apple","1960-07-31","Scrum Master","095-41-9366"
"image_119.bmp","Shannon Shelton","IBM","2007-06-17","Scrum Master","160-712-5003"
"image_12.bmp","test","test","2021-12-27","test","test"
"image_120.bmp","test","test","2021-12-27","test","test"
"image_121.bmp","Steven Harmon","IBM","1922-01-15","Human Resources","165-44-7703"
"image_122.bmp","Philip Roberts","IBM","1982-07-17","Scrum Master","154-57-9189"
"image_123.bmp","Tricia Wright","IBM","1988-01-23","Manager","098 53-4968"
"image_124.bmp","Ms. Regina Fowler","Apple","1922-03-13","Software Engineer","090-20-9816"
"image_125.bmp","","Google","2021-12-27","2 Aor 2008","a 799-92-1932"
"image_126.bmp","test","test","2021-12-27","test","test"
"image_127.bmp","test","test","2021-12-27","test","test"
"image_128.bmp","Jason Mcdaniel","Google","2021-12-27","Team Lead","300-31-2925"
"image_129.bmp","test","test","2021-12-27","test","test"
"image_13.bmp","Ashley jones","IBM","1973-10-12","Team Lead","669-65-5640"
"image_130.bmp","Benjamin Sanchez Il","Apple","1926-08-30","Human Resources","780-23-5957"
"image_131.bmp","test","test","2021-12-27","test","test"
"image_132.bmp","Amanda Parks","IBM","2010-02-02","Manager","079-73-9858"
"image_133.bmp","--.—t—(‘i‘(ia—rsi‘(‘i OS","Apple","2021-12-27","Se || ee","eee"
"image_134.bmp","Melissa Williams","Google","2021-12-27","Team Lead","097-72-0219"
"image_135.bmp","Susan Robinson","IBM","1968-04-03","Manager","188-22-6554"
"image_136.bmp","Marie Casey","Google","2021-12-27","OTLW","651-45-2569"
"image_137.bmp","test","test","2021-12-27","test","test"
"image_138.bmp","Richard Barron","Google","1939-05-05","Na lee","226-29-7243"
"image_139.bmp","Elizabeth Lowe","IBM","1923-10-29","Human Resources","190-30 4263"
"image_14.bmp","Shawn Espinoza","Apple","1934-11-22","Team Lead","746-11-3185"
"image_140.bmp","Sean Lopez","Apple","1927-12-05","Manager","654-13-8985"
"image_141.bmp","Andrew Rivera","IBM","1981-08-15","Human Resources","687-04.2942"
"image_142.bmp","test","test","2021-12-27","test","test"
"image_143.bmp","Lauren Wright","Apple","1942-08-05","Human Resources","078-52-1834"
"image_144.bmp","Jonathan Wright","IBM","1920-08-25","Scrum Master","$84-53-3497"
"image_145.bmp","","IBM","2021-12-27","May 1986 \ |","ne"
"image_146.bmp","test","test","2021-12-27","test","test"
"image_147.bmp","Tara Patterson","IBM","1922-10-16","Scrum Master","38392-1078"
"image_148.bmp","Patrick Gray","Google","2021-12-27","Team Lead","042-27-5737"
"image_149.bmp","test","test","2021-12-27","test","test"
"image_15.bmp","David Bartiett","Apple","1987-11-24","_ Scrum Master","635-86-1722"
"image_16.bmp","Dominique Burns","Google","2021-12-27","Human Resour«","370-44-9420"
"image_17.bmp","test","Google","2021-12-27","test","test"
"image_18.bmp","test","test","2021-12-27","test","test"
"image_19.bmp","test","test","2021-12-27","test","test"
"image_2.bmp","Paul Vazquez","IBM","1970-12-13","Human Resources","208-07-8348"
"image_20.bmp","Sean Berg","IBM","1979-08-01","Scrum Master","672-854-9425"
"image_21.bmp","John Palmer","Apple","1951-03-18","Human Resources","894-52-0281"
"image_22.bmp","Nicholas Castro","IBM","1929-07-05","Human Resources","$80-26-5189"
"image_23.bmp","Connie Moss","Apple","1930-06-23","Human Resources","676-22-0435"
"image_24.bmp","test","test","2021-12-27","test","test"
"image_25.bmp","test","test","2021-12-27","test","test"
"image_26.bmp","Rachel Diaz","Apple","1992-10-02","Team Lead","241-80-0729"
"image_27.bmp","Denise Lewis","IBM","2005-06-12","Software Engineer","838-36 8181"
"image_28.bmp","Chad Rocha","IBM","2008-05-26","Human Resources","87454-3181"
"image_29.bmp","test","test","2021-12-27","test","test"
"image_3.bmp","David Moore","Apple","1984-12-18","","025-48-6616"
"image_30.bmp","Michael singh","Apple","1972-01-29","» teh btatetetatinteh","302-47-1498"
"image_31.bmp","Chris Watson","IBM","1925-11-30","Team Lead","613-219-3066"
"image_32.bmp","Jamie Ramirez","IBM","2000-07-15","Team Lead","390-22-1468"
"image_33.bmp","test","test","2021-12-27","test","test"
"image_34.bmp","test","test","2021-12-27","test","test"
"image_35.bmp","Robert Newton","Google","1924-01-06","Manager","664-78-6339"
"image_36.bmp","test","test","2021-12-27","test","test"
"image_37.bmp","Kevin Slavd","Apple","2021-12-27","Human Resources","———ls—St"
"image_38.bmp","Edward Henderson","Google","2021-12-27","50","569-41-2551"
"image_39.bmp","james Combs DDS","Google","2021-12-27","Software","749-901-1184"
"image_4.bmp","Rachel Kirby","IBM","1985-05-16","Scrum Master","089-49-9791"
"image_40.bmp","Joseph Brown","IBM","1987-03-08","Manager","845-02-8048"
"image_41.bmp","Kimberly Sancho, fal","Apple","2021-12-27","———","vaac et * hCLlU"
"image_42.bmp","Tammy moore ref","Apple","2021-12-27","Scrum Master —_,,","618-27-2990 i"
"image_43.bmp","Courtney Johnson","Google","2000-11-16","","637-084-6026"
"image_44.bmp","David Sanchez","IBM","1987-07-27","Software Engineer","746-05-7424"
"image_45.bmp","Deborah Jackson","IBM","1922-11-21","Human Resources","653-32-5532"
"image_46.bmp","Michael Burton","Google","1923-12-06","Team Lead","323-12-2612"
"image_47.bmp","Julian Mason","IBM","1938-01-18","Manager","41-01-0420"
"image_48.bmp","Katnieen Everett","Apple","2007-11-27","Software Engineer","768-54-2540"
"image_49.bmp","i a,","Apple","2021-12-27","a","Beary"
"image_5.bmp","Kristin Moore","Google","2021-12-27","Manacer","365-05-2305"
"image_50.bmp","test","test","2021-12-27","test","test"
"image_51.bmp","Chad Hughes","IBM","1965-10-20","Manager","393.18 9017"
"image_52.bmp","Elizabeth Hensley","IBM","2002-09-24","Scrum Master","604-43-3536"
"image_53.bmp","test","test","2021-12-27","test","test"
"image_54.bmp","Patrick Lopez","Google","2021-12-27","Scrum Master","310-29-7448"
"image_55.bmp","Wendy Clark","Google","2021-12-27","Manager","386-19-4633"
"image_56.bmp","Diana Humphrey","IBM","1937-09-17","Scrum Master","391-28-8077"
"image_57.bmp","Jeremiah Bell","IBM","1985-01-16","Human Resources","657-75-9409"
"image_58.bmp","Travis Berger","IBM","1981-11-17","Scrum Master","743-49-4334"
"image_59.bmp","Tyler David","Google","2021-12-27","Manager","568-91-6528"
"image_6.bmp","test","test","2021-12-27","test","test"
"image_60.bmp","Brianna Hammond","Apple","1951-11-27","Human Resources","893-91-7610"
"image_61.bmp","test","test","2021-12-27","test","test"
"image_62.bmp","Monica Hamilton","Google","1958-05-15","oftware","715-89-5789"
"image_63.bmp","Brian Smith","IBM","1996-10-12","Human Resources","93-95-1128"
"image_64.bmp","way Reed Pnw","Apple","1956-06-11","Human Resources","710-14-1199"
"image_65.bmp","test","test","2021-12-27","test","test"
"image_66.bmp","Garrett Michael","IBM","1970-06-06","Team Lead","870-03-9627"
"image_67.bmp","Rodney Andrews","IBM","1963-10-04","Manager","747-91.0424"
"image_68.bmp","Toni George","Google","1928-09-24","ne a","276-98-9611"
"image_69.bmp","Stacey Murphy","IBM","1994-03-16","Team Lead","439-68-3349"
"image_7.bmp","test","test","2021-12-27","test","test"
"image_70.bmp","test","test","2021-12-27","test","test"
"image_71.bmp","Sharon Perez","IBM","1989-06-09","Software Engineer","606-84-1648"
"image_72.bmp","Andrew Hines","Apple","1961-12-14","Scrum Master","711-81-5430"
"image_73.bmp","test","test","2021-12-27","test","test"
"image_74.bmp","jeffrey Brown","Google","2021-12-27","Team Lead","522-47-8445"
"image_75.bmp","Diana Cannon","IBM","1970-02-19","Scrum Master","577-212-8069"
"image_76.bmp","Daniel Morrow","Apple","1988-03-21","Scrum Master","532-07-4768"
"image_77.bmp","Catherine Gilmore","Apple","1947-07-13","Team Lead","286-93-7670"
"image_78.bmp","test","test","2021-12-27","test","test"
"image_79.bmp","test","test","2021-12-27","test","test"
"image_8.bmp","George Reyes","IBM","1943-10-10","Software Engineer","351-40-2248"
"image_80.bmp","Amanda Robertson","Google","1926-06-03","Human Resour","435-16-9169"
"image_81.bmp","Tifany harmon","Apple","1999-12-23","Human Resources","063-31-4529"
"image_82.bmp","Luke Sullivan","Apple","1955-04-21","Scrum Master","085-68-1270"
"image_83.bmp","Judith Palmer","IBM","2004-04-25","Software Engineer","07720-8497"
"image_84.bmp","test","test","2021-12-27","test","test"
"image_85.bmp","test","Google","2021-12-27","test","test"
"image_86.bmp","Douglas Levine","IBM","1951-06-02","Software Engineer","219-43-8957"
"image_87.bmp","Tina Perry","Apple","2021-12-27","Team Lead","—— ltt"
"image_88.bmp","Tonya Bates","IBM","1984-06-09","Manager","710-02-7170"
"image_89.bmp","Julian Leblanc","IBM","1939-11-29","Scrum Master","133-47-0817"
"image_9.bmp","test","test","2021-12-27","test","test"
"image_90.bmp","test","test","2021-12-27","test","test"
"image_91.bmp","Jacqueline Skinner","IBM","2001-12-12","Software Engineer","698-94-9772"
"image_92.bmp","Lindsay Williamson","Apple","1964-06-25","Scrum Master","676-99-2009"
"image_93.bmp","Pa","Google","2021-12-27","",", —— | Ae"
"image_94.bmp","Mark Bryant","Apple","1994-02-08","Human Resources","605-46-2138"
"image_95.bmp","lnchua Martin","Google","2021-12-27","Scrum Master","076-47-0595"
"image_96.bmp","Mrs. Gabrietie vavis","Apple","1981-03-25","___ Human Resources","219-02-6446"
"image_97.bmp","Michael Mcgee","IBM","1978-06-03","Manager","070-17-3119"
"image_98.bmp","Jennifer Raymond","IBM","1958-02-17","Team Lead","440-48-0766"
"image_99.bmp","Andrew Barker","IBM","1938-11-01","Scrum Master","371-68- 3166"
